{"cameraMode":{"drawMode":0,"name":"Shaded","section":"Shading Mode"},"sceneLighting":true,"audioPlay":false,"sceneViewState":{"showFog":false,"showMaterialUpdate":false,"showSkybox":false,"showFlares":false,"showImageEffects":false,"showParticleSystems":false},"in2DMode":false,"pivot":{"x":-2.3986473083496095,"y":5.054975509643555,"z":-10.177289962768555},"rotation":{"x":0.17189660668373109,"y":-0.7573999166488648,"z":0.22066669166088105,"w":0.5900049209594727},"size":25.1954402923584,"orthographic":false}