{"cameraMode":{"drawMode":0,"name":"Shaded","section":"Shading Mode"},"sceneLighting":true,"audioPlay":false,"sceneViewState":{"showFog":false,"showMaterialUpdate":false,"showSkybox":false,"showFlares":false,"showImageEffects":false,"showParticleSystems":false},"in2DMode":false,"pivot":{"x":-6.773540496826172,"y":-3853.60693359375,"z":7.450580596923828e-8},"rotation":{"x":0.1066063940525055,"y":0.0023888491559773685,"z":-0.00025617904611863196,"w":0.9942984580993652},"size":27397.447265625,"orthographic":false}