{"cameraMode":{"drawMode":0,"name":"Shaded","section":"Shading Mode"},"sceneLighting":true,"audioPlay":false,"sceneViewState":{"showFog":false,"showMaterialUpdate":false,"showSkybox":false,"showFlares":false,"showImageEffects":false,"showParticleSystems":false},"in2DMode":false,"pivot":{"x":14.814933776855469,"y":14.150131225585938,"z":813.4169921875},"rotation":{"x":0.259063720703125,"y":-0.6489431262016296,"z":0.2509550154209137,"w":0.6699121594429016},"size":186.88124084472657,"orthographic":false}