{"cameraMode":{"drawMode":0,"name":"Shaded","section":"Shading Mode"},"sceneLighting":true,"audioPlay":false,"sceneViewState":{"showFog":false,"showMaterialUpdate":false,"showSkybox":false,"showFlares":false,"showImageEffects":false,"showParticleSystems":false},"in2DMode":false,"pivot":{"x":-2.6038575172424318,"y":1.577500820159912,"z":-0.07915401458740235},"rotation":{"x":0.1066063940525055,"y":0.0023888491559773685,"z":-0.00025617904611863196,"w":0.9942984580993652},"size":15.157890319824219,"orthographic":false}