{"cameraMode":{"drawMode":0,"name":"Shaded","section":"Shading Mode"},"sceneLighting":true,"audioPlay":false,"sceneViewState":{"showFog":false,"showMaterialUpdate":false,"showSkybox":false,"showFlares":false,"showImageEffects":false,"showParticleSystems":false},"in2DMode":false,"pivot":{"x":-0.9369163513183594,"y":-2.3630752563476564,"z":-9.3570556640625},"rotation":{"x":0.24552422761917115,"y":-0.657389760017395,"z":0.24071143567562104,"w":0.6705343723297119},"size":25.70013999938965,"orthographic":false}