{"cameraMode":{"drawMode":0,"name":"Shaded","section":"Shading Mode"},"sceneLighting":true,"audioPlay":false,"sceneViewState":{"showFog":false,"showMaterialUpdate":false,"showSkybox":false,"showFlares":false,"showImageEffects":false,"showParticleSystems":false},"in2DMode":false,"pivot":{"x":4.1202850341796879,"y":-3.2317657470703127,"z":4.924459934234619},"rotation":{"x":0.20712299644947053,"y":-0.675542414188385,"z":0.20675130188465119,"w":0.6767569780349731},"size":42.89990997314453,"orthographic":false}